[
  {
    "alpha3": "ABW",
    "alpha2": "AW",
    "countryName": "Aruba",
    "ccode": 533,
    "region": "Americas",
    "isoCode": "AWG"
  },
  {
    "alpha3": "AFG",
    "alpha2": "AF",
    "countryName": "Afghanistan",
    "ccode": 4,
    "region": "Asia",
    "isoCode": "AFN"
  },
  {
    "alpha3": "AGO",
    "alpha2": "AO",
    "countryName": "Angola",
    "ccode": 24,
    "region": "Africa",
    "isoCode": "AOA"
  },
  {
    "alpha3": "AIA",
    "alpha2": "AI",
    "countryName": "Anguilla",
    "ccode": 660,
    "region": "Americas",
    "isoCode": "XCD"
  },
  {
    "alpha3": "ALA",
    "alpha2": "AX",
    "countryName": "Åland Islands",
    "ccode": 248,
    "region": "Europe",
    "isoCode": "EUR"
  },
  {
    "alpha3": "ALB",
    "alpha2": "AL",
    "countryName": "Albania",
    "ccode": 8,
    "region": "Europe",
    "isoCode": "ALL"
  },
  {
    "alpha3": "AND",
    "alpha2": "AD",
    "countryName": "Andorra",
    "ccode": 20,
    "region": "Europe",
    "isoCode": "EUR"
  },
  {
    "alpha3": "ARE",
    "alpha2": "AE",
    "countryName": "United Arab Emirates",
    "ccode": 784,
    "region": "Asia",
    "isoCode": "AED"
  },
  {
    "alpha3": "ARG",
    "alpha2": "AR",
    "countryName": "Argentina",
    "ccode": 32,
    "region": "Americas",
    "isoCode": "ARS"
  },
  {
    "alpha3": "ARM",
    "alpha2": "AM",
    "countryName": "Armenia",
    "ccode": 51,
    "region": "Asia",
    "isoCode": "AMD"
  },
  {
    "alpha3": "ASM",
    "alpha2": "AS",
    "countryName": "American Samoa",
    "ccode": 16,
    "region": "Oceania",
    "isoCode": "USD"
  },
  {
    "alpha3": "ATA",
    "alpha2": "AQ",
    "countryName": "Antarctica",
    "ccode": 10,
    "region": "",
    "isoCode": "USD"
  },
  {
    "alpha3": "ATF",
    "alpha2": "TF",
    "countryName": "French Southern Territories",
    "ccode": 260,
    "region": "Africa",
    "isoCode": "EUR"
  },
  {
    "alpha3": "ATG",
    "alpha2": "AG",
    "countryName": "Antigua and Barbuda",
    "ccode": 28,
    "region": "Americas",
    "isoCode": "XCD"
  },
  {
    "alpha3": "AUS",
    "alpha2": "AU",
    "countryName": "Australia",
    "ccode": 36,
    "region": "Oceania",
    "isoCode": "AUD"
  },
  {
    "alpha3": "AUT",
    "alpha2": "AT",
    "countryName": "Austria",
    "ccode": 40,
    "region": "Europe",
    "isoCode": "EUR"
  },
  {
    "alpha3": "AZE",
    "alpha2": "AZ",
    "countryName": "Azerbaijan",
    "ccode": 31,
    "region": "Asia",
    "isoCode": "AZN"
  },
  {
    "alpha3": "BDI",
    "alpha2": "BI",
    "countryName": "Burundi",
    "ccode": 108,
    "region": "Africa",
    "isoCode": "BIF"
  },
  {
    "alpha3": "BEL",
    "alpha2": "BE",
    "countryName": "Belgium",
    "ccode": 56,
    "region": "Europe",
    "isoCode": "EUR"
  },
  {
    "alpha3": "BEN",
    "alpha2": "BJ",
    "countryName": "Benin",
    "ccode": 204,
    "region": "Africa",
    "isoCode": "XOF"
  },
  {
    "alpha3": "BES",
    "alpha2": "BQ",
    "countryName": "Bonaire, Sint Eustatius and Saba",
    "ccode": 535,
    "region": "Americas",
    "isoCode": "USD"
  },
  {
    "alpha3": "BFA",
    "alpha2": "BF",
    "countryName": "Burkina Faso",
    "ccode": 854,
    "region": "Africa",
    "isoCode": "XOF"
  },
  {
    "alpha3": "BGD",
    "alpha2": "BD",
    "countryName": "Bangladesh",
    "ccode": 50,
    "region": "Asia",
    "isoCode": "BDT"
  },
  {
    "alpha3": "BGR",
    "alpha2": "BG",
    "countryName": "Bulgaria",
    "ccode": 100,
    "region": "Europe",
    "isoCode": "BGN"
  },
  {
    "alpha3": "BHR",
    "alpha2": "BH",
    "countryName": "Bahrain",
    "ccode": 48,
    "region": "Asia",
    "isoCode": "BHD"
  },
  {
    "alpha3": "BHS",
    "alpha2": "BS",
    "countryName": "Bahamas",
    "ccode": 44,
    "region": "Americas",
    "isoCode": "BSD"
  },
  {
    "alpha3": "BIH",
    "alpha2": "BA",
    "countryName": "Bosnia And Herzegovina",
    "ccode": 70,
    "region": "Europe",
    "isoCode": "BAM"
  },
  {
    "alpha3": "BLM",
    "alpha2": "BL",
    "countryName": "Saint Barthélemy",
    "ccode": 652,
    "region": "Americas",
    "isoCode": "EUR"
  },
  {
    "alpha3": "BLR",
    "alpha2": "BY",
    "countryName": "Belarus",
    "ccode": 112,
    "region": "Europe",
    "isoCode": "BYN"
  },
  {
    "alpha3": "BLZ",
    "alpha2": "BZ",
    "countryName": "Belize",
    "ccode": 84,
    "region": "Americas",
    "isoCode": "BZD"
  },
  {
    "alpha3": "BMU",
    "alpha2": "BM",
    "countryName": "Bermuda",
    "ccode": 60,
    "region": "Americas",
    "isoCode": "BMD"
  },
  {
    "alpha3": "BOL",
    "alpha2": "BO",
    "countryName": "Bolivia",
    "ccode": 68,
    "region": "Americas",
    "isoCode": "BOB"
  },
  {
    "alpha3": "BRA",
    "alpha2": "BR",
    "countryName": "Brazil",
    "ccode": 76,
    "region": "Americas",
    "isoCode": "BRL"
  },
  {
    "alpha3": "BRB",
    "alpha2": "BB",
    "countryName": "Barbados",
    "ccode": 52,
    "region": "Americas",
    "isoCode": "BBD"
  },
  {
    "alpha3": "BRN",
    "alpha2": "BN",
    "countryName": "Brunei Darussalam",
    "ccode": 96,
    "region": "Asia",
    "isoCode": "BND"
  },
  {
    "alpha3": "BTN",
    "alpha2": "BT",
    "countryName": "Bhutan",
    "ccode": 64,
    "region": "Asia",
    "isoCode": "BTN"
  },
  {
    "alpha3": "BVT",
    "alpha2": "BV",
    "countryName": "Bouvet Island",
    "ccode": 74,
    "region": "Americas",
    "isoCode": "NOK"
  },
  {
    "alpha3": "BWA",
    "alpha2": "BW",
    "countryName": "Botswana",
    "ccode": 72,
    "region": "Africa",
    "isoCode": "BWP"
  },
  {
    "alpha3": "CAF",
    "alpha2": "CF",
    "countryName": "Central African Republic",
    "ccode": 140,
    "region": "Africa",
    "isoCode": "XAF"
  },
  {
    "alpha3": "CAN",
    "alpha2": "CA",
    "countryName": "Canada",
    "ccode": 124,
    "region": "Americas",
    "isoCode": "CAD"
  },
  {
    "alpha3": "CCK",
    "alpha2": "CC",
    "countryName": "Cocos (Keeling) Islands",
    "ccode": 166,
    "region": "Oceania",
    "isoCode": "AUD"
  },
  {
    "alpha3": "CHE",
    "alpha2": "CH",
    "countryName": "Switzerland",
    "ccode": 756,
    "region": "Europe",
    "isoCode": "CHF"
  },
  {
    "alpha3": "CHL",
    "alpha2": "CL",
    "countryName": "Chile",
    "ccode": 152,
    "region": "Americas",
    "isoCode": "CLP"
  },
  {
    "alpha3": "CHN",
    "alpha2": "CN",
    "countryName": "China",
    "ccode": 156,
    "region": "Asia",
    "isoCode": "CNY"
  },
  {
    "alpha3": "CIV",
    "alpha2": "CI",
    "countryName": "Côte D'Ivoire",
    "ccode": 384,
    "region": "Africa",
    "isoCode": "XOF"
  },
  {
    "alpha3": "CMR",
    "alpha2": "CM",
    "countryName": "Cameroon",
    "ccode": 120,
    "region": "Africa",
    "isoCode": "XAF"
  },
  {
    "alpha3": "COD",
    "alpha2": "CD",
    "countryName": "Congo (Democratic Republic Of The)",
    "ccode": 180,
    "region": "Africa",
    "isoCode": "CDF"
  },
  {
    "alpha3": "COG",
    "alpha2": "CG",
    "countryName": "Congo",
    "ccode": 178,
    "region": "Africa",
    "isoCode": "XAF"
  },
  {
    "alpha3": "COK",
    "alpha2": "CK",
    "countryName": "Cook Islands",
    "ccode": 184,
    "region": "Oceania",
    "isoCode": "NZD"
  },
  {
    "alpha3": "COL",
    "alpha2": "CO",
    "countryName": "Colombia",
    "ccode": 170,
    "region": "Americas",
    "isoCode": "COP"
  },
  {
    "alpha3": "COM",
    "alpha2": "KM",
    "countryName": "Comoros",
    "ccode": 174,
    "region": "Africa",
    "isoCode": "KMF"
  },
  {
    "alpha3": "CPV",
    "alpha2": "CV",
    "countryName": "Cabo Verde",
    "ccode": 132,
    "region": "Africa",
    "isoCode": "CVE"
  },
  {
    "alpha3": "CRI",
    "alpha2": "CR",
    "countryName": "Costa Rica",
    "ccode": 188,
    "region": "Americas",
    "isoCode": "CRC"
  },
  {
    "alpha3": "CUB",
    "alpha2": "CU",
    "countryName": "Cuba",
    "ccode": 192,
    "region": "Americas",
    "isoCode": "CUC"
  },
  {
    "alpha3": "CUW",
    "alpha2": "CW",
    "countryName": "Curaçao",
    "ccode": 531,
    "region": "Americas",
    "isoCode": "ANG"
  },
  {
    "alpha3": "CXR",
    "alpha2": "CX",
    "countryName": "Christmas Island",
    "ccode": 162,
    "region": "Oceania",
    "isoCode": "AUD"
  },
  {
    "alpha3": "CYM",
    "alpha2": "KY",
    "countryName": "Cayman Islands",
    "ccode": 136,
    "region": "Americas",
    "isoCode": "KYD"
  },
  {
    "alpha3": "CYP",
    "alpha2": "CY",
    "countryName": "Cyprus",
    "ccode": 196,
    "region": "Asia",
    "isoCode": "EUR"
  },
  {
    "alpha3": "CZE",
    "alpha2": "CZ",
    "countryName": "Czech Republic",
    "ccode": 203,
    "region": "Europe",
    "isoCode": "CZK"
  },
  {
    "alpha3": "DEU",
    "alpha2": "DE",
    "countryName": "Germany",
    "ccode": 276,
    "region": "Europe",
    "isoCode": "EUR"
  },
  {
    "alpha3": "DJI",
    "alpha2": "DJ",
    "countryName": "Djibouti",
    "ccode": 262,
    "region": "Africa",
    "isoCode": "DJF"
  },
  {
    "alpha3": "DMA",
    "alpha2": "DM",
    "countryName": "Dominica",
    "ccode": 212,
    "region": "Americas",
    "isoCode": "XCD"
  },
  {
    "alpha3": "DNK",
    "alpha2": "DK",
    "countryName": "Denmark",
    "ccode": 208,
    "region": "Europe",
    "isoCode": "DKK"
  },
  {
    "alpha3": "DOM",
    "alpha2": "DO",
    "countryName": "Dominican Republic",
    "ccode": 214,
    "region": "Americas",
    "isoCode": "DOP"
  },
  {
    "alpha3": "DZA",
    "alpha2": "DZ",
    "countryName": "Algeria",
    "ccode": 12,
    "region": "Africa",
    "isoCode": "DZD"
  },
  {
    "alpha3": "ECU",
    "alpha2": "EC",
    "countryName": "Ecuador",
    "ccode": 218,
    "region": "Americas",
    "isoCode": "USD"
  },
  {
    "alpha3": "EGY",
    "alpha2": "EG",
    "countryName": "Egypt",
    "ccode": 818,
    "region": "Africa",
    "isoCode": "EGP"
  },
  {
    "alpha3": "ERI",
    "alpha2": "ER",
    "countryName": "Eritrea",
    "ccode": 232,
    "region": "Africa",
    "isoCode": "ERN"
  },
  {
    "alpha3": "ESH",
    "alpha2": "EH",
    "countryName": "Western Sahara",
    "ccode": 732,
    "region": "Africa",
    "isoCode": "MAD"
  },
  {
    "alpha3": "ESP",
    "alpha2": "ES",
    "countryName": "Spain",
    "ccode": 724,
    "region": "Europe",
    "isoCode": "EUR"
  },
  {
    "alpha3": "EST",
    "alpha2": "EE",
    "countryName": "Estonia",
    "ccode": 233,
    "region": "Europe",
    "isoCode": "EUR"
  },
  {
    "alpha3": "ETH",
    "alpha2": "ET",
    "countryName": "Ethiopia",
    "ccode": 231,
    "region": "Africa",
    "isoCode": "ETB"
  },
  {
    "alpha3": "FIN",
    "alpha2": "FI",
    "countryName": "Finland",
    "ccode": 246,
    "region": "Europe",
    "isoCode": "EUR"
  },
  {
    "alpha3": "FJI",
    "alpha2": "FJ",
    "countryName": "Fiji",
    "ccode": 242,
    "region": "Oceania",
    "isoCode": "FJD"
  },
  {
    "alpha3": "FLK",
    "alpha2": "FK",
    "countryName": "Falkland Islands (Malvinas)",
    "ccode": 238,
    "region": "Americas",
    "isoCode": "FKP"
  },
  {
    "alpha3": "FRA",
    "alpha2": "FR",
    "countryName": "France",
    "ccode": 250,
    "region": "Europe",
    "isoCode": "EUR"
  },
  {
    "alpha3": "FRO",
    "alpha2": "FO",
    "countryName": "Faroe Islands",
    "ccode": 234,
    "region": "Europe",
    "isoCode": "DKK"
  },
  {
    "alpha3": "FSM",
    "alpha2": "FM",
    "countryName": "Micronesia (Federated States of)",
    "ccode": 583,
    "region": "Oceania",
    "isoCode": "USD"
  },
  {
    "alpha3": "GAB",
    "alpha2": "GA",
    "countryName": "Gabon",
    "ccode": 266,
    "region": "Africa",
    "isoCode": "XAF"
  },
  {
    "alpha3": "GBR",
    "alpha2": "GB",
    "countryName": "United Kingdom",
    "ccode": 826,
    "region": "Europe",
    "isoCode": "GBP"
  },
  {
    "alpha3": "GEO",
    "alpha2": "GE",
    "countryName": "Georgia",
    "ccode": 268,
    "region": "Asia",
    "isoCode": "GEL"
  },
  {
    "alpha3": "GGY",
    "alpha2": "GG",
    "countryName": "Guernsey",
    "ccode": 831,
    "region": "Europe",
    "isoCode": "GGP"
  },
  {
    "alpha3": "GHA",
    "alpha2": "GH",
    "countryName": "Ghana",
    "ccode": 288,
    "region": "Africa",
    "isoCode": "GHS"
  },
  {
    "alpha3": "GIB",
    "alpha2": "GI",
    "countryName": "Gibraltar",
    "ccode": 292,
    "region": "Europe",
    "isoCode": "GIP"
  },
  {
    "alpha3": "GIN",
    "alpha2": "GN",
    "countryName": "Guinea",
    "ccode": 324,
    "region": "Africa",
    "isoCode": "GNF"
  },
  {
    "alpha3": "GLP",
    "alpha2": "GP",
    "countryName": "Guadeloupe",
    "ccode": 312,
    "region": "Americas",
    "isoCode": "EUR"
  },
  {
    "alpha3": "GMB",
    "alpha2": "GM",
    "countryName": "Gambia",
    "ccode": 270,
    "region": "Africa",
    "isoCode": "GMD"
  },
  {
    "alpha3": "GNB",
    "alpha2": "GW",
    "countryName": "Guinea Bissau",
    "ccode": 624,
    "region": "Africa",
    "isoCode": "XOF"
  },
  {
    "alpha3": "GNQ",
    "alpha2": "GQ",
    "countryName": "Equatorial Guinea",
    "ccode": 226,
    "region": "Africa",
    "isoCode": "XAF"
  },
  {
    "alpha3": "GRC",
    "alpha2": "GR",
    "countryName": "Greece",
    "ccode": 300,
    "region": "Europe",
    "isoCode": "EUR"
  },
  {
    "alpha3": "GRD",
    "alpha2": "GD",
    "countryName": "Grenada",
    "ccode": 308,
    "region": "Americas",
    "isoCode": "XCD"
  },
  {
    "alpha3": "GRL",
    "alpha2": "GL",
    "countryName": "Greenland",
    "ccode": 304,
    "region": "Americas",
    "isoCode": "DKK"
  },
  {
    "alpha3": "GTM",
    "alpha2": "GT",
    "countryName": "Guatemala",
    "ccode": 320,
    "region": "Americas",
    "isoCode": "GTQ"
  },
  {
    "alpha3": "GUF",
    "alpha2": "GF",
    "countryName": "French Guiana",
    "ccode": 254,
    "region": "Americas",
    "isoCode": "EUR"
  },
  {
    "alpha3": "GUM",
    "alpha2": "GU",
    "countryName": "Guam",
    "ccode": 316,
    "region": "Oceania",
    "isoCode": "USD"
  },
  {
    "alpha3": "GUY",
    "alpha2": "GY",
    "countryName": "Guyana",
    "ccode": 328,
    "region": "Americas",
    "isoCode": "GYD"
  },
  {
    "alpha3": "HKG",
    "alpha2": "HK",
    "countryName": "Hong Kong",
    "ccode": 344,
    "region": "Asia",
    "isoCode": "HKD"
  },
  {
    "alpha3": "HMD",
    "alpha2": "HM",
    "countryName": "Heard Island and McDonald Islands",
    "ccode": 334,
    "region": "Oceania",
    "isoCode": "AUD"
  },
  {
    "alpha3": "HND",
    "alpha2": "HN",
    "countryName": "Honduras",
    "ccode": 340,
    "region": "Americas",
    "isoCode": "HNL"
  },
  {
    "alpha3": "HRV",
    "alpha2": "HR",
    "countryName": "Croatia",
    "ccode": 191,
    "region": "Europe",
    "isoCode": "HRK"
  },
  {
    "alpha3": "HTI",
    "alpha2": "HT",
    "countryName": "Haiti",
    "ccode": 332,
    "region": "Americas",
    "isoCode": "HTG"
  },
  {
    "alpha3": "HUN",
    "alpha2": "HU",
    "countryName": "Hungary",
    "ccode": 348,
    "region": "Europe",
    "isoCode": "HUF"
  },
  {
    "alpha3": "IDN",
    "alpha2": "ID",
    "countryName": "Indonesia",
    "ccode": 360,
    "region": "Asia",
    "isoCode": "IDR"
  },
  {
    "alpha3": "IMN",
    "alpha2": "IM",
    "countryName": "Isle of Man",
    "ccode": 833,
    "region": "Europe",
    "isoCode": "IMP"
  },
  {
    "alpha3": "IND",
    "alpha2": "IN",
    "countryName": "India",
    "ccode": 356,
    "region": "Asia",
    "isoCode": "INR"
  },
  {
    "alpha3": "IOT",
    "alpha2": "IO",
    "countryName": "British Indian Ocean Territory",
    "ccode": 86,
    "region": "Africa",
    "isoCode": "GBP"
  },
  {
    "alpha3": "IRL",
    "alpha2": "IE",
    "countryName": "Ireland",
    "ccode": 372,
    "region": "Europe",
    "isoCode": "EUR"
  },
  {
    "alpha3": "IRN",
    "alpha2": "IR",
    "countryName": "Iran",
    "ccode": 364,
    "region": "Asia",
    "isoCode": "IRR"
  },
  {
    "alpha3": "IRQ",
    "alpha2": "IQ",
    "countryName": "Iraq",
    "ccode": 368,
    "region": "Asia",
    "isoCode": "IQD"
  },
  {
    "alpha3": "ISL",
    "alpha2": "IS",
    "countryName": "Iceland",
    "ccode": 352,
    "region": "Europe",
    "isoCode": "ISK"
  },
  {
    "alpha3": "ISR",
    "alpha2": "IL",
    "countryName": "Israel",
    "ccode": 376,
    "region": "Asia",
    "isoCode": "ILS"
  },
  {
    "alpha3": "ITA",
    "alpha2": "IT",
    "countryName": "Italy",
    "ccode": 380,
    "region": "Europe",
    "isoCode": "EUR"
  },
  {
    "alpha3": "JAM",
    "alpha2": "JM",
    "countryName": "Jamaica",
    "ccode": 388,
    "region": "Americas",
    "isoCode": "JMD"
  },
  {
    "alpha3": "JEY",
    "alpha2": "JE",
    "countryName": "Jersey",
    "ccode": 832,
    "region": "Europe",
    "isoCode": "JEP"
  },
  {
    "alpha3": "JOR",
    "alpha2": "JO",
    "countryName": "Jordan",
    "ccode": 400,
    "region": "Asia",
    "isoCode": "JOD"
  },
  {
    "alpha3": "JPN",
    "alpha2": "JP",
    "countryName": "Japan",
    "ccode": 392,
    "region": "Asia",
    "isoCode": "JPY"
  },
  {
    "alpha3": "KAZ",
    "alpha2": "KZ",
    "countryName": "Kazakhstan",
    "ccode": 398,
    "region": "Asia",
    "isoCode": "KZT"
  },
  {
    "alpha3": "KEN",
    "alpha2": "KE",
    "countryName": "Kenya",
    "ccode": 404,
    "region": "Africa",
    "isoCode": "KES"
  },
  {
    "alpha3": "KGZ",
    "alpha2": "KG",
    "countryName": "Kyrgyzstan",
    "ccode": 417,
    "region": "Asia",
    "isoCode": "KGS"
  },
  {
    "alpha3": "KHM",
    "alpha2": "KH",
    "countryName": "Cambodia",
    "ccode": 116,
    "region": "Asia",
    "isoCode": "KHR"
  },
  {
    "alpha3": "KIR",
    "alpha2": "KI",
    "countryName": "Kiribati",
    "ccode": 296,
    "region": "Oceania",
    "isoCode": "KID"
  },
  {
    "alpha3": "KNA",
    "alpha2": "KN",
    "countryName": "Saint Kitts and Nevis",
    "ccode": 659,
    "region": "Americas",
    "isoCode": "XCD"
  },
  {
    "alpha3": "KOR",
    "alpha2": "KR",
    "countryName": "South Korea",
    "ccode": 410,
    "region": "Asia",
    "isoCode": "KRW"
  },
  {
    "alpha3": "KWT",
    "alpha2": "KW",
    "countryName": "Kuwait",
    "ccode": 414,
    "region": "Asia",
    "isoCode": "KWD"
  },
  {
    "alpha3": "LAO",
    "alpha2": "LA",
    "countryName": "Laos",
    "ccode": 418,
    "region": "Asia",
    "isoCode": "LAK"
  },
  {
    "alpha3": "LBN",
    "alpha2": "LB",
    "countryName": "Lebanon",
    "ccode": 422,
    "region": "Asia",
    "isoCode": "LBP"
  },
  {
    "alpha3": "LBR",
    "alpha2": "LR",
    "countryName": "Liberia",
    "ccode": 430,
    "region": "Africa",
    "isoCode": "LRD"
  },
  {
    "alpha3": "LBY",
    "alpha2": "LY",
    "countryName": "Libya",
    "ccode": 434,
    "region": "Africa",
    "isoCode": "LYD"
  },
  {
    "alpha3": "LCA",
    "alpha2": "LC",
    "countryName": "Saint Lucia",
    "ccode": 662,
    "region": "Americas",
    "isoCode": "XCD"
  },
  {
    "alpha3": "LIE",
    "alpha2": "LI",
    "countryName": "Liechtenstein",
    "ccode": 438,
    "region": "Europe",
    "isoCode": "CHF"
  },
  {
    "alpha3": "LKA",
    "alpha2": "LK",
    "countryName": "Sri Lanka",
    "ccode": 144,
    "region": "Asia",
    "isoCode": "LKR"
  },
  {
    "alpha3": "LSO",
    "alpha2": "LS",
    "countryName": "Lesotho",
    "ccode": 426,
    "region": "Africa",
    "isoCode": "LSL"
  },
  {
    "alpha3": "LTU",
    "alpha2": "LT",
    "countryName": "Lithuania",
    "ccode": 440,
    "region": "Europe",
    "isoCode": "LTL"
  },
  {
    "alpha3": "LUX",
    "alpha2": "LU",
    "countryName": "Luxembourg",
    "ccode": 442,
    "region": "Europe",
    "isoCode": "EUR"
  },
  {
    "alpha3": "LVA",
    "alpha2": "LV",
    "countryName": "Latvia",
    "ccode": 428,
    "region": "Europe",
    "isoCode": "EUR"
  },
  {
    "alpha3": "MAC",
    "alpha2": "MO",
    "countryName": "Macao",
    "ccode": 446,
    "region": "Asia",
    "isoCode": "MOP"
  },
  {
    "alpha3": "MAF",
    "alpha2": "MF",
    "countryName": "Saint Martin (French part)",
    "ccode": 663,
    "region": "Americas",
    "isoCode": "ANG"
  },
  {
    "alpha3": "MAR",
    "alpha2": "MA",
    "countryName": "Morocco",
    "ccode": 504,
    "region": "Africa",
    "isoCode": "MAD"
  },
  {
    "alpha3": "MCO",
    "alpha2": "MC",
    "countryName": "Monaco",
    "ccode": 492,
    "region": "Europe",
    "isoCode": "EUR"
  },
  {
    "alpha3": "MDA",
    "alpha2": "MD",
    "countryName": "Moldova",
    "ccode": 498,
    "region": "Europe",
    "isoCode": "MDL"
  },
  {
    "alpha3": "MDG",
    "alpha2": "MG",
    "countryName": "Madagascar",
    "ccode": 450,
    "region": "Africa",
    "isoCode": "MGA"
  },
  {
    "alpha3": "MDV",
    "alpha2": "MV",
    "countryName": "Maldives",
    "ccode": 462,
    "region": "Asia",
    "isoCode": "MVR"
  },
  {
    "alpha3": "MEX",
    "alpha2": "MX",
    "countryName": "Mexico",
    "ccode": 484,
    "region": "Americas",
    "isoCode": "MXN"
  },
  {
    "alpha3": "MHL",
    "alpha2": "MH",
    "countryName": "Marshall Islands",
    "ccode": 584,
    "region": "Oceania",
    "isoCode": "USD"
  },
  {
    "alpha3": "MKD",
    "alpha2": "MK",
    "countryName": "Macedonia",
    "ccode": 807,
    "region": "Europe",
    "isoCode": "MKD"
  },
  {
    "alpha3": "MLI",
    "alpha2": "ML",
    "countryName": "Mali",
    "ccode": 466,
    "region": "Africa",
    "isoCode": "XOF"
  },
  {
    "alpha3": "MLT",
    "alpha2": "MT",
    "countryName": "Malta",
    "ccode": 470,
    "region": "Europe",
    "isoCode": "EUR"
  },
  {
    "alpha3": "MMR",
    "alpha2": "MM",
    "countryName": "Myanmar",
    "ccode": 104,
    "region": "Asia",
    "isoCode": "MMK"
  },
  {
    "alpha3": "MNE",
    "alpha2": "ME",
    "countryName": "Montenegro",
    "ccode": 499,
    "region": "Europe",
    "isoCode": "EUR"
  },
  {
    "alpha3": "MNG",
    "alpha2": "MN",
    "countryName": "Mongolia",
    "ccode": 496,
    "region": "Asia",
    "isoCode": "MNT"
  },
  {
    "alpha3": "MNP",
    "alpha2": "MP",
    "countryName": "Northern Mariana Islands",
    "ccode": 580,
    "region": "Oceania",
    "isoCode": "USD"
  },
  {
    "alpha3": "MOZ",
    "alpha2": "MZ",
    "countryName": "Mozambique",
    "ccode": 508,
    "region": "Africa",
    "isoCode": "MZN"
  },
  {
    "alpha3": "MRT",
    "alpha2": "MR",
    "countryName": "Mauritania",
    "ccode": 478,
    "region": "Africa",
    "isoCode": "MRU"
  },
  {
    "alpha3": "MSR",
    "alpha2": "MS",
    "countryName": "Montserrat",
    "ccode": 500,
    "region": "Americas",
    "isoCode": "XCD"
  },
  {
    "alpha3": "MTQ",
    "alpha2": "MQ",
    "countryName": "Martinique",
    "ccode": 474,
    "region": "Americas",
    "isoCode": "EUR"
  },
  {
    "alpha3": "MUS",
    "alpha2": "MU",
    "countryName": "Mauritius",
    "ccode": 480,
    "region": "Africa",
    "isoCode": "MUR"
  },
  {
    "alpha3": "MWI",
    "alpha2": "MW",
    "countryName": "Malawi",
    "ccode": 454,
    "region": "Africa",
    "isoCode": "MWK"
  },
  {
    "alpha3": "MYS",
    "alpha2": "MY",
    "countryName": "Malaysia",
    "ccode": 458,
    "region": "Asia",
    "isoCode": "MYR"
  },
  {
    "alpha3": "MYT",
    "alpha2": "YT",
    "countryName": "Mayotte",
    "ccode": 175,
    "region": "Africa",
    "isoCode": "EUR"
  },
  {
    "alpha3": "NAM",
    "alpha2": "NA",
    "countryName": "Namibia",
    "ccode": 516,
    "region": "Africa",
    "isoCode": "NAD"
  },
  {
    "alpha3": "NCL",
    "alpha2": "NC",
    "countryName": "New Caledonia",
    "ccode": 540,
    "region": "Oceania",
    "isoCode": "XPF"
  },
  {
    "alpha3": "NER",
    "alpha2": "NE",
    "countryName": "Niger",
    "ccode": 562,
    "region": "Africa",
    "isoCode": "XOF"
  },
  {
    "alpha3": "NFK",
    "alpha2": "NF",
    "countryName": "Norfolk Island",
    "ccode": 574,
    "region": "Oceania",
    "isoCode": "AUD"
  },
  {
    "alpha3": "NGA",
    "alpha2": "NG",
    "countryName": "Nigeria",
    "ccode": 566,
    "region": "Africa",
    "isoCode": "NGN"
  },
  {
    "alpha3": "NIC",
    "alpha2": "NI",
    "countryName": "Nicaragua",
    "ccode": 558,
    "region": "Americas",
    "isoCode": "NIO"
  },
  {
    "alpha3": "NIU",
    "alpha2": "NU",
    "countryName": "Niue",
    "ccode": 570,
    "region": "Oceania",
    "isoCode": "NZD"
  },
  {
    "alpha3": "NLD",
    "alpha2": "NL",
    "countryName": "Netherlands",
    "ccode": 528,
    "region": "Europe",
    "isoCode": "EUR"
  },
  {
    "alpha3": "NOR",
    "alpha2": "NO",
    "countryName": "Norway",
    "ccode": 578,
    "region": "Europe",
    "isoCode": "NOK"
  },
  {
    "alpha3": "NPL",
    "alpha2": "NP",
    "countryName": "Nepal",
    "ccode": 524,
    "region": "Asia",
    "isoCode": "NPR"
  },
  {
    "alpha3": "NRU",
    "alpha2": "NR",
    "countryName": "Nauru",
    "ccode": 520,
    "region": "Oceania",
    "isoCode": "AUD"
  },
  {
    "alpha3": "NZL",
    "alpha2": "NZ",
    "countryName": "New Zealand",
    "ccode": 554,
    "region": "Oceania",
    "isoCode": "NZD"
  },
  {
    "alpha3": "OMN",
    "alpha2": "OM",
    "countryName": "Oman",
    "ccode": 512,
    "region": "Asia",
    "isoCode": "OMR"
  },
  {
    "alpha3": "PAK",
    "alpha2": "PK",
    "countryName": "Pakistan",
    "ccode": 586,
    "region": "Asia",
    "isoCode": "PKR"
  },
  {
    "alpha3": "PAN",
    "alpha2": "PA",
    "countryName": "Panama",
    "ccode": 591,
    "region": "Americas",
    "isoCode": "PAB"
  },
  {
    "alpha3": "PCN",
    "alpha2": "PN",
    "countryName": "Pitcairn",
    "ccode": 612,
    "region": "Oceania",
    "isoCode": "NZD"
  },
  {
    "alpha3": "PER",
    "alpha2": "PE",
    "countryName": "Peru",
    "ccode": 604,
    "region": "Americas",
    "isoCode": "PEN"
  },
  {
    "alpha3": "PHL",
    "alpha2": "PH",
    "countryName": "Philippines",
    "ccode": 608,
    "region": "Asia",
    "isoCode": "PHP"
  },
  {
    "alpha3": "PLW",
    "alpha2": "PW",
    "countryName": "Palau",
    "ccode": 585,
    "region": "Oceania",
    "isoCode": "USD"
  },
  {
    "alpha3": "PNG",
    "alpha2": "PG",
    "countryName": "Papua New Guinea",
    "ccode": 598,
    "region": "Oceania",
    "isoCode": "PGK"
  },
  {
    "alpha3": "POL",
    "alpha2": "PL",
    "countryName": "Poland",
    "ccode": 616,
    "region": "Europe",
    "isoCode": "PLN"
  },
  {
    "alpha3": "PRI",
    "alpha2": "PR",
    "countryName": "Puerto Rico",
    "ccode": 630,
    "region": "Americas",
    "isoCode": "USD"
  },
  {
    "alpha3": "PRK",
    "alpha2": "KP",
    "countryName": "North Korea",
    "ccode": 408,
    "region": "Asia",
    "isoCode": "KPW"
  },
  {
    "alpha3": "PRT",
    "alpha2": "PT",
    "countryName": "Portugal",
    "ccode": 620,
    "region": "Europe",
    "isoCode": "EUR"
  },
  {
    "alpha3": "PRY",
    "alpha2": "PY",
    "countryName": "Paraguay",
    "ccode": 600,
    "region": "Americas",
    "isoCode": "PYG"
  },
  {
    "alpha3": "PSE",
    "alpha2": "PS",
    "countryName": "Palestine, State of",
    "ccode": 275,
    "region": "Asia",
    "isoCode": "ILS"
  },
  {
    "alpha3": "PYF",
    "alpha2": "PF",
    "countryName": "French Polynesia",
    "ccode": 258,
    "region": "Oceania",
    "isoCode": "XPF"
  },
  {
    "alpha3": "QAT",
    "alpha2": "QA",
    "countryName": "Qatar",
    "ccode": 634,
    "region": "Asia",
    "isoCode": "QAR"
  },
  {
    "alpha3": "REU",
    "alpha2": "RE",
    "countryName": "Réunion",
    "ccode": 638,
    "region": "Africa",
    "isoCode": "EUR"
  },
  {
    "alpha3": "ROU",
    "alpha2": "RO",
    "countryName": "Romania",
    "ccode": 642,
    "region": "Europe",
    "isoCode": "RON"
  },
  {
    "alpha3": "RUS",
    "alpha2": "RU",
    "countryName": "Russia",
    "ccode": 643,
    "region": "Europe",
    "isoCode": "RUB"
  },
  {
    "alpha3": "RWA",
    "alpha2": "RW",
    "countryName": "Rwanda",
    "ccode": 646,
    "region": "Africa",
    "isoCode": "RWF"
  },
  {
    "alpha3": "SAU",
    "alpha2": "SA",
    "countryName": "Saudi Arabia",
    "ccode": 682,
    "region": "Asia",
    "isoCode": "SAR"
  },
  {
    "alpha3": "SDN",
    "alpha2": "SD",
    "countryName": "Sudan",
    "ccode": 729,
    "region": "Africa",
    "isoCode": "SDG"
  },
  {
    "alpha3": "SEN",
    "alpha2": "SN",
    "countryName": "Senegal",
    "ccode": 686,
    "region": "Africa",
    "isoCode": "XOF"
  },
  {
    "alpha3": "SGP",
    "alpha2": "SG",
    "countryName": "Singapore",
    "ccode": 702,
    "region": "Asia",
    "isoCode": "SGD"
  },
  {
    "alpha3": "SGS",
    "alpha2": "GS",
    "countryName": "South Georgia and the South Sandwich Islands",
    "ccode": 239,
    "region": "Americas",
    "isoCode": "GBP"
  },
  {
    "alpha3": "SHN",
    "alpha2": "SH",
    "countryName": "\"Saint Helena, Ascension and Tristan da Cunha\"",
    "ccode": 654,
    "region": "Africa",
    "isoCode": "SHP"
  },
  {
    "alpha3": "SJM",
    "alpha2": "SJ",
    "countryName": "Svalbard and Jan Mayen",
    "ccode": 744,
    "region": "Europe",
    "isoCode": "NOK"
  },
  {
    "alpha3": "SLB",
    "alpha2": "SB",
    "countryName": "Solomon Islands",
    "ccode": 90,
    "region": "Oceania",
    "isoCode": "SBD"
  },
  {
    "alpha3": "SLE",
    "alpha2": "SL",
    "countryName": "Sierra Leone",
    "ccode": 694,
    "region": "Africa",
    "isoCode": "SLE"
  },
  {
    "alpha3": "SLV",
    "alpha2": "SV",
    "countryName": "El Salvador",
    "ccode": 222,
    "region": "Americas",
    "isoCode": "SVC"
  },
  {
    "alpha3": "SMR",
    "alpha2": "SM",
    "countryName": "San Marino",
    "ccode": 674,
    "region": "Europe",
    "isoCode": "EUR"
  },
  {
    "alpha3": "SOM",
    "alpha2": "SO",
    "countryName": "Somalia",
    "ccode": 706,
    "region": "Africa",
    "isoCode": "SOS"
  },
  {
    "alpha3": "SPM",
    "alpha2": "PM",
    "countryName": "Saint Pierre and Miquelon",
    "ccode": 666,
    "region": "Americas",
    "isoCode": "EUR"
  },
  {
    "alpha3": "SRB",
    "alpha2": "RS",
    "countryName": "Serbia",
    "ccode": 688,
    "region": "Europe",
    "isoCode": "RSD"
  },
  {
    "alpha3": "SSD",
    "alpha2": "SS",
    "countryName": "South Sudan",
    "ccode": 728,
    "region": "Africa",
    "isoCode": "SSP"
  },
  {
    "alpha3": "STP",
    "alpha2": "ST",
    "countryName": "Sao Tome and Principe",
    "ccode": 678,
    "region": "Africa",
    "isoCode": "STN"
  },
  {
    "alpha3": "SUR",
    "alpha2": "SR",
    "countryName": "Suriname",
    "ccode": 740,
    "region": "Americas",
    "isoCode": "SRD"
  },
  {
    "alpha3": "SVK",
    "alpha2": "SK",
    "countryName": "Slovakia",
    "ccode": 703,
    "region": "Europe",
    "isoCode": "EUR"
  },
  {
    "alpha3": "SVN",
    "alpha2": "SI",
    "countryName": "Slovenia",
    "ccode": 705,
    "region": "Europe",
    "isoCode": "EUR"
  },
  {
    "alpha3": "SWE",
    "alpha2": "SE",
    "countryName": "Sweden",
    "ccode": 752,
    "region": "Europe",
    "isoCode": "SEK"
  },
  {
    "alpha3": "SWZ",
    "alpha2": "SZ",
    "countryName": "Eswatini",
    "ccode": 748,
    "region": "Africa",
    "isoCode": "SZL"
  },
  {
    "alpha3": "SXM",
    "alpha2": "SX",
    "countryName": "Sint Maarten (Dutch part)",
    "ccode": 534,
    "region": "Americas",
    "isoCode": "ANG"
  },
  {
    "alpha3": "SYC",
    "alpha2": "SC",
    "countryName": "Seychelles",
    "ccode": 690,
    "region": "Africa",
    "isoCode": "SCR"
  },
  {
    "alpha3": "SYR",
    "alpha2": "SY",
    "countryName": "Syria",
    "ccode": 760,
    "region": "Asia",
    "isoCode": "SYP"
  },
  {
    "alpha3": "TCA",
    "alpha2": "TC",
    "countryName": "Turks and Caicos Islands",
    "ccode": 796,
    "region": "Americas",
    "isoCode": "USD"
  },
  {
    "alpha3": "TCD",
    "alpha2": "TD",
    "countryName": "Chad",
    "ccode": 148,
    "region": "Africa",
    "isoCode": "XAF"
  },
  {
    "alpha3": "TGO",
    "alpha2": "TG",
    "countryName": "Togo",
    "ccode": 768,
    "region": "Africa",
    "isoCode": "XOF"
  },
  {
    "alpha3": "THA",
    "alpha2": "TH",
    "countryName": "Thailand",
    "ccode": 764,
    "region": "Asia",
    "isoCode": "THB"
  },
  {
    "alpha3": "TJK",
    "alpha2": "TJ",
    "countryName": "Tajikistan",
    "ccode": 762,
    "region": "Asia",
    "isoCode": "TJS"
  },
  {
    "alpha3": "TKL",
    "alpha2": "TK",
    "countryName": "Tokelau",
    "ccode": 772,
    "region": "Oceania",
    "isoCode": "NZD"
  },
  {
    "alpha3": "TKM",
    "alpha2": "TM",
    "countryName": "Turkmenistan",
    "ccode": 795,
    "region": "Asia",
    "isoCode": "TMT"
  },
  {
    "alpha3": "TLS",
    "alpha2": "TL",
    "countryName": "Timor-Leste",
    "ccode": 626,
    "region": "Asia",
    "isoCode": "USD"
  },
  {
    "alpha3": "TON",
    "alpha2": "TO",
    "countryName": "Tonga",
    "ccode": 776,
    "region": "Oceania",
    "isoCode": "TOP"
  },
  {
    "alpha3": "TTO",
    "alpha2": "TT",
    "countryName": "Trinidad and Tobago",
    "ccode": 780,
    "region": "Americas",
    "isoCode": "TTD"
  },
  {
    "alpha3": "TUN",
    "alpha2": "TN",
    "countryName": "Tunisia",
    "ccode": 788,
    "region": "Africa",
    "isoCode": "TND"
  },
  {
    "alpha3": "TUR",
    "alpha2": "TR",
    "countryName": "Turkey",
    "ccode": 792,
    "region": "Asia",
    "isoCode": "TRY"
  },
  {
    "alpha3": "TUV",
    "alpha2": "TV",
    "countryName": "Tuvalu",
    "ccode": 798,
    "region": "Oceania",
    "isoCode": "AUD"
  },
  {
    "alpha3": "TWN",
    "alpha2": "TW",
    "countryName": "Taiwan",
    "ccode": 158,
    "region": "Asia",
    "isoCode": "TWD"
  },
  {
    "alpha3": "TZA",
    "alpha2": "TZ",
    "countryName": "Tanzania",
    "ccode": 834,
    "region": "Africa",
    "isoCode": "TZS"
  },
  {
    "alpha3": "UGA",
    "alpha2": "UG",
    "countryName": "Uganda",
    "ccode": 800,
    "region": "Africa",
    "isoCode": "UGX"
  },
  {
    "alpha3": "UKR",
    "alpha2": "UA",
    "countryName": "Ukraine",
    "ccode": 804,
    "region": "Europe",
    "isoCode": "UAH"
  },
  {
    "alpha3": "UMI",
    "alpha2": "UM",
    "countryName": "United States Minor Outlying Islands",
    "ccode": 581,
    "region": "Oceania",
    "isoCode": "USD"
  },
  {
    "alpha3": "URY",
    "alpha2": "UY",
    "countryName": "Uruguay",
    "ccode": 858,
    "region": "Americas",
    "isoCode": "UYU"
  },
  {
    "alpha3": "USA",
    "alpha2": "US",
    "countryName": "United States",
    "ccode": 840,
    "region": "Americas",
    "isoCode": "USD"
  },
  {
    "alpha3": "UZB",
    "alpha2": "UZ",
    "countryName": "Uzbekistan",
    "ccode": 860,
    "region": "Asia",
    "isoCode": "UZS"
  },
  {
    "alpha3": "VAT",
    "alpha2": "VA",
    "countryName": "Holy See",
    "ccode": 336,
    "region": "Europe",
    "isoCode": "EUR"
  },
  {
    "alpha3": "VCT",
    "alpha2": "VC",
    "countryName": "Saint Vincent and the Grenadines",
    "ccode": 670,
    "region": "Americas",
    "isoCode": "XCD"
  },
  {
    "alpha3": "VEN",
    "alpha2": "VE",
    "countryName": "Venezuela",
    "ccode": 862,
    "region": "Americas",
    "isoCode": "VED"
  },
  {
    "alpha3": "VGB",
    "alpha2": "VG",
    "countryName": "Virgin Islands (British)",
    "ccode": 92,
    "region": "Americas",
    "isoCode": "USD"
  },
  {
    "alpha3": "VIR",
    "alpha2": "VI",
    "countryName": "Virgin Islands (U.S.)",
    "ccode": 850,
    "region": "Americas",
    "isoCode": "USD"
  },
  {
    "alpha3": "VNM",
    "alpha2": "VN",
    "countryName": "Vietnam",
    "ccode": 704,
    "region": "Asia",
    "isoCode": "VND"
  },
  {
    "alpha3": "VUT",
    "alpha2": "VU",
    "countryName": "Vanuatu",
    "ccode": 548,
    "region": "Oceania",
    "isoCode": "VUV"
  },
  {
    "alpha3": "WLF",
    "alpha2": "WF",
    "countryName": "Wallis and Futuna",
    "ccode": 876,
    "region": "Oceania",
    "isoCode": "XPF"
  },
  {
    "alpha3": "WSM",
    "alpha2": "WS",
    "countryName": "Samoa",
    "ccode": 882,
    "region": "Oceania",
    "isoCode": "WST"
  },
  {
    "alpha3": "YEM",
    "alpha2": "YE",
    "countryName": "Yemen",
    "ccode": 887,
    "region": "Asia",
    "isoCode": "YER"
  },
  {
    "alpha3": "ZAF",
    "alpha2": "ZA",
    "countryName": "South Africa",
    "ccode": 710,
    "region": "Africa",
    "isoCode": "ZAR"
  },
  {
    "alpha3": "ZMB",
    "alpha2": "ZM",
    "countryName": "Zambia",
    "ccode": 894,
    "region": "Africa",
    "isoCode": "ZMW"
  },
  {
    "alpha3": "ZWE",
    "alpha2": "ZW",
    "countryName": "Zimbabwe",
    "ccode": 716,
    "region": "Africa",
    "isoCode": "ZWL"
  }
]