[
  {
    "id": "cl92lvec40000obt1t62zu8ca",
    "name": "bubuding",
    "email": "bubuding0809@gmail.com",
    "emailVerified": null,
    "image": "https://cdn.discordapp.com/avatars/524847053671497749/241b12000bcf925a10e73d1acb3b3482.png"
  },
  {
    "id": "cl92m3s2s0004obt1kh3eqn0m",
    "name": "Ding ruoqian",
    "email": "dingruoqian9@gmail.com",
    "emailVerified": null,
    "image": "https://lh3.googleusercontent.com/a/ALm5wu02vMTJTUlyeBhz_pfnK7oIGCt_cGMAfc6eGJor=s96-c"
  },
  {
    "id": "cl956gdtj0000mh09wp79ral0",
    "name": "Hamelin Piper",
    "email": "hamelinpiper96@gmail.com",
    "emailVerified": null,
    "image": "https://lh3.googleusercontent.com/a/ALm5wu2oNMuPO5DWyV7PtJqH2aMFSY6EVgrwR6xlYYiO=s96-c"
  },
  {
    "id": "cl956gepg0005mh09uvwd08nm",
    "name": "Jake Chua",
    "email": "cjtjake@gmail.com",
    "emailVerified": null,
    "image": "https://lh3.googleusercontent.com/a/ALm5wu1ZMpW629p7mw63FFGryYGYI2LhuJ8pjecIc3mZ=s96-c"
  },
  {
    "id": "cl96vfe5g0000mh096s7gv1qy",
    "name": "Puren chin",
    "email": "purenchin1999@gmail.com",
    "emailVerified": null,
    "image": "https://lh3.googleusercontent.com/a/ALm5wu2rlI0vdkvxh8uvoDqeeIXFKSqJ2f0CyQemi1vr=s96-c"
  },
  {
    "id": "cl96vhj350004mh09uzdmp64f",
    "name": "Jansonn Lim",
    "email": "jansonnlim97@gmail.com",
    "emailVerified": null,
    "image": "https://lh3.googleusercontent.com/a/ALm5wu3QesYUQ7lC6-q0bYN9nsdnzFqcwlyCZQD4S-3PrQ=s96-c"
  },
  {
    "id": "cl9ics1au0000mc0982fctgnw",
    "name": "Amri Sazali",
    "email": "amrisazali1999@gmail.com",
    "emailVerified": null,
    "image": "https://lh3.googleusercontent.com/a/ALm5wu0hhtqHaufs6eogCjpWq031D6ySZ87riwBxupRP=s96-c"
  }
]